Price,Close,High,Low,Open,Volume
Ticker,GC=F,GC=F,GC=F,GC=F,GC=F
Datetime,,,,,
2026-07-23 16:00:00-04:00,4052.300048828125,4053.60009765625,4049.800048828125,4051.89990234375,0
2026-07-23 18:00:00-04:00,4052.0,4053.5,4050.199951171875,4053.39990234375,0
2026-07-23 19:00:00-04:00,4049.39990234375,4053.800048828125,4048.800048828125,4052.199951171875,1432
2026-07-23 20:00:00-04:00,4052.39990234375,4054.10009765625,4043.199951171875,4049.800048828125,2501
2026-07-23 21:00:00-04:00,4046.0,4053.300048828125,4041.89990234375,4052.89990234375,3730
2026-07-23 22:00:00-04:00,4026.699951171875,4051.0,4025.300048828125,4045.89990234375,5607
2026-07-23 23:00:00-04:00,4031.10009765625,4036.10009765625,4025.39990234375,4027.10009765625,1806
2026-07-24 00:00:00-04:00,4029.800048828125,4032.89990234375,4027.800048828125,4031.300048828125,1626
2026-07-24 01:00:00-04:00,4025.0,4034.60009765625,4024.0,4029.800048828125,3852
2026-07-24 02:00:00-04:00,4038.39990234375,4041.39990234375,4025.0,4025.199951171875,3245
2026-07-24 03:00:00-04:00,4051.10009765625,4056.300048828125,4037.5,4038.199951171875,4751
2026-07-24 04:00:00-04:00,4060.0,4061.5,4047.5,4051.199951171875,2970
2026-07-24 05:00:00-04:00,4062.60009765625,4064.0,4054.199951171875,4060.39990234375,4520
2026-07-24 06:00:00-04:00,4062.199951171875,4067.0,4059.39990234375,4062.60009765625,2860
2026-07-24 07:00:00-04:00,4060.199951171875,4065.89990234375,4053.5,4062.5,4489
2026-07-24 08:00:00-04:00,4058.5,4062.89990234375,4054.199951171875,4060.60009765625,4587
2026-07-24 09:00:00-04:00,4070.0,4071.5,4046.89990234375,4058.800048828125,10441
2026-07-24 10:00:00-04:00,4066.199951171875,4073.0,4058.39990234375,4069.89990234375,11555
2026-07-24 11:00:00-04:00,4079.89990234375,4085.199951171875,4064.699951171875,4066.10009765625,17520
2026-07-24 12:00:00-04:00,4069.5,4080.89990234375,4066.5,4080.300048828125,5254
2026-07-24 13:00:00-04:00,4065.800048828125,4072.800048828125,4065.300048828125,4069.699951171875,8590
2026-07-24 14:00:00-04:00,4056.699951171875,4067.300048828125,4053.5,4066.0,5205
2026-07-24 15:00:00-04:00,4056.10009765625,4060.199951171875,4051.300048828125,4056.89990234375,2952
2026-07-24 16:00:00-04:00,4070.800048828125,4070.800048828125,4053.89990234375,4055.89990234375,1967
2026-07-26 18:00:00-04:00,4092.199951171875,4096.5,4086.89990234375,4091.5,2348
2026-07-26 19:00:00-04:00,4096.89990234375,4099.0,4085.800048828125,4092.89990234375,1551
2026-07-26 20:00:00-04:00,4102.60009765625,4119.2998046875,4093.199951171875,4097.2001953125,6870
2026-07-26 21:00:00-04:00,4112.0,4114.7998046875,4098.89990234375,4103.10009765625,3858
2026-07-26 22:00:00-04:00,4095.699951171875,4112.89990234375,4095.60009765625,4112.2001953125,2096
2026-07-26 23:00:00-04:00,4092.5,4097.7998046875,4087.0,4095.5,2278
2026-07-27 00:00:00-04:00,4091.699951171875,4095.0,4088.89990234375,4093.0,1062
2026-07-27 01:00:00-04:00,4095.300048828125,4097.0,4086.5,4092.5,1801
2026-07-27 02:00:00-04:00,4098.39990234375,4101.39990234375,4093.300048828125,4094.89990234375,2778
2026-07-27 03:00:00-04:00,4090.699951171875,4108.2998046875,4090.5,4098.2001953125,4417
2026-07-27 04:00:00-04:00,4097.7001953125,4098.7001953125,4088.800048828125,4090.89990234375,3722
2026-07-27 05:00:00-04:00,4098.89990234375,4102.7001953125,4091.800048828125,4096.7998046875,5636
2026-07-27 06:00:00-04:00,4102.10009765625,4104.60009765625,4088.39990234375,4098.7998046875,5028
2026-07-27 07:00:00-04:00,4095.89990234375,4107.0,4095.60009765625,4102.2001953125,3912
2026-07-27 08:00:00-04:00,4085.199951171875,4099.7998046875,4082.39990234375,4096.10009765625,11113
2026-07-27 09:00:00-04:00,4075.800048828125,4091.800048828125,4071.60009765625,4085.800048828125,17551
2026-07-27 10:00:00-04:00,4078.39990234375,4081.0,4067.10009765625,4075.89990234375,16386
2026-07-27 11:00:00-04:00,4080.60009765625,4082.199951171875,4073.89990234375,4078.300048828125,11094
2026-07-27 12:00:00-04:00,4084.10009765625,4095.699951171875,4079.89990234375,4080.800048828125,7313
2026-07-27 13:00:00-04:00,4078.199951171875,4084.10009765625,4072.199951171875,4084.0,9486
2026-07-27 14:00:00-04:00,4079.800048828125,4081.199951171875,4074.5,4078.199951171875,3888
2026-07-27 15:00:00-04:00,4085.5,4091.800048828125,4078.0,4079.89990234375,4125
2026-07-27 16:00:00-04:00,4078.60009765625,4086.39990234375,4077.60009765625,4085.39990234375,2098
2026-07-27 18:00:00-04:00,4075.10009765625,4085.699951171875,4072.300048828125,4083.0,0
2026-07-27 19:00:00-04:00,4074.39990234375,4076.10009765625,4071.0,4075.39990234375,635
2026-07-27 20:00:00-04:00,4058.5,4075.5,4058.10009765625,4074.39990234375,3784
2026-07-27 21:00:00-04:00,4045.699951171875,4061.199951171875,4042.89990234375,4058.300048828125,5035
2026-07-27 22:00:00-04:00,4042.300048828125,4049.699951171875,4041.10009765625,4045.89990234375,2594
2026-07-27 23:00:00-04:00,4049.60009765625,4051.5,4040.699951171875,4042.300048828125,1940
2026-07-28 00:00:00-04:00,4042.10009765625,4049.699951171875,4041.199951171875,4049.0,1689
2026-07-28 01:00:00-04:00,4045.199951171875,4046.89990234375,4034.60009765625,4041.89990234375,2831
2026-07-28 02:00:00-04:00,4048.699951171875,4052.800048828125,4042.89990234375,4045.5,4038
2026-07-28 03:00:00-04:00,4047.300048828125,4052.89990234375,4045.800048828125,4048.300048828125,11717
2026-07-28 04:00:00-04:00,4045.699951171875,4055.60009765625,4041.89990234375,4047.300048828125,3989
2026-07-28 05:00:00-04:00,4023.300048828125,4046.10009765625,4018.10009765625,4045.5,9614
2026-07-28 06:00:00-04:00,4025.60009765625,4028.199951171875,4016.5,4023.10009765625,11419
2026-07-28 07:00:00-04:00,4027.800048828125,4031.89990234375,4022.5,4026.0,5181
2026-07-28 08:00:00-04:00,4029.39990234375,4037.89990234375,4022.199951171875,4027.300048828125,11773
2026-07-28 09:00:00-04:00,4021.39990234375,4036.10009765625,4019.300048828125,4029.39990234375,15865
2026-07-28 10:00:00-04:00,4023.800048828125,4034.10009765625,4011.10009765625,4021.89990234375,16274
2026-07-28 11:00:00-04:00,4046.5,4047.39990234375,4021.89990234375,4024.60009765625,15517
2026-07-28 12:00:00-04:00,4037.60009765625,4046.800048828125,4036.60009765625,4046.699951171875,12383
2026-07-28 13:00:00-04:00,4028.0,4041.89990234375,4025.300048828125,4037.89990234375,18058
2026-07-28 14:00:00-04:00,4023.10009765625,4030.5,4021.39990234375,4028.10009765625,3034
2026-07-28 15:00:00-04:00,4025.89990234375,4038.699951171875,4021.5,4022.800048828125,4674
2026-07-28 16:00:00-04:00,4028.800048828125,4030.60009765625,4022.199951171875,4025.800048828125,2092
2026-07-28 18:00:00-04:00,4017.89990234375,4034.0,4013.199951171875,4020.89990234375,0
2026-07-28 19:00:00-04:00,4024.300048828125,4026.0,4015.0,4017.39990234375,775
2026-07-28 20:00:00-04:00,4021.300048828125,4030.699951171875,4017.10009765625,4025.0,885
2026-07-28 21:00:00-04:00,4025.0,4030.0,4009.300048828125,4021.0,1265
2026-07-28 22:00:00-04:00,4028.300048828125,4036.800048828125,4022.300048828125,4025.0,791
2026-07-28 23:00:00-04:00,4021.5,4031.39990234375,4021.5,4028.199951171875,539
2026-07-29 00:00:00-04:00,4025.39990234375,4026.0,4019.300048828125,4022.0,690
2026-07-29 01:00:00-04:00,4031.300048828125,4038.199951171875,4025.300048828125,4025.89990234375,1233
2026-07-29 02:00:00-04:00,4039.800048828125,4043.199951171875,4032.199951171875,4032.199951171875,2507
2026-07-29 03:00:00-04:00,4102.60009765625,4106.7001953125,4039.89990234375,4039.89990234375,12607
2026-07-29 04:00:00-04:00,4096.5,4103.5,4094.60009765625,4103.0,4231
2026-07-29 05:00:00-04:00,4091.89990234375,4097.60009765625,4090.39990234375,4096.7998046875,3612
2026-07-29 06:00:00-04:00,4086.10009765625,4093.699951171875,4085.10009765625,4091.5,4328
2026-07-29 07:00:00-04:00,4091.5,4095.39990234375,4084.0,4086.800048828125,5100
2026-07-29 08:00:00-04:00,4080.89990234375,4092.5,4067.39990234375,4091.699951171875,12532
2026-07-29 09:00:00-04:00,4064.800048828125,4084.800048828125,4060.300048828125,4081.300048828125,17240
2026-07-29 10:00:00-04:00,4063.199951171875,4068.39990234375,4053.89990234375,4065.10009765625,19676
2026-07-29 11:00:00-04:00,4068.5,4072.199951171875,4061.699951171875,4063.60009765625,7918
2026-07-29 12:00:00-04:00,4086.10009765625,4091.699951171875,4066.300048828125,4068.5,9170
2026-07-29 13:00:00-04:00,4102.89990234375,4109.2998046875,4086.10009765625,4086.199951171875,17758
2026-07-29 14:00:00-04:00,4166.7998046875,4170.2998046875,4101.2998046875,4103.10009765625,30378
2026-07-29 15:00:00-04:00,4104.7001953125,4176.7998046875,4103.7998046875,4167.10009765625,18040
2026-07-29 16:00:00-04:00,4126.0,4128.89990234375,4101.7001953125,4104.2001953125,5898
2026-07-29 18:00:00-04:00,4146.2998046875,4148.2001953125,4121.10009765625,4126.7001953125,0
2026-07-29 19:00:00-04:00,4142.0,4158.0,4142.0,4146.5,2402
2026-07-29 20:00:00-04:00,4129.7001953125,4144.2998046875,4122.2998046875,4142.5,3847
2026-07-29 21:00:00-04:00,4142.39990234375,4151.5,4127.7998046875,4130.0,5691
2026-07-29 22:00:00-04:00,4121.39990234375,4148.0,4120.7001953125,4142.10009765625,2713
2026-07-29 23:00:00-04:00,4114.10009765625,4127.5,4107.60009765625,4121.10009765625,3621
2026-07-30 00:00:00-04:00,4102.5,4117.10009765625,4100.2998046875,4115.89990234375,2766
2026-07-30 01:00:00-04:00,4090.39990234375,4108.0,4085.0,4102.2001953125,4857
2026-07-30 02:00:00-04:00,4093.800048828125,4098.10009765625,4086.300048828125,4090.800048828125,4322
2026-07-30 03:00:00-04:00,4096.10009765625,4108.5,4092.699951171875,4093.800048828125,6831
2026-07-30 04:00:00-04:00,4119.2001953125,4130.89990234375,4093.89990234375,4096.10009765625,7080
2026-07-30 05:00:00-04:00,4121.5,4131.5,4118.2998046875,4119.39990234375,6006
2026-07-30 06:00:00-04:00,4136.39990234375,4142.2001953125,4121.2001953125,4121.7998046875,6229
2026-07-30 07:00:00-04:00,4136.0,4141.5,4133.60009765625,4136.5,3105
2026-07-30 08:00:00-04:00,4127.39990234375,4145.39990234375,4125.39990234375,4136.0,7534
2026-07-30 09:00:00-04:00,4172.0,4172.5,4123.2001953125,4127.2998046875,17844
2026-07-30 10:00:00-04:00,4159.10009765625,4180.2001953125,4145.60009765625,4172.10009765625,22927
2026-07-30 11:00:00-04:00,4167.0,4169.2001953125,4141.89990234375,4159.39990234375,9370
2026-07-30 12:00:00-04:00,4169.7998046875,4178.2998046875,4165.60009765625,4166.7998046875,6132
2026-07-30 13:00:00-04:00,4161.5,4170.2001953125,4157.10009765625,4169.7998046875,6751
2026-07-30 14:00:00-04:00,4158.7998046875,4166.7998046875,4157.7001953125,4161.5,3126
2026-07-30 15:00:00-04:00,4171.2001953125,4174.5,4158.0,4158.7001953125,3776
2026-07-30 16:00:00-04:00,4162.7998046875,4176.7001953125,4158.0,4171.2998046875,3250
2026-07-30 18:00:00-04:00,4167.39990234375,4169.7998046875,4158.0,4163.89990234375,0
2026-07-30 19:00:00-04:00,4164.39990234375,4170.7001953125,4160.7998046875,4168.10009765625,1400
2026-07-30 20:00:00-04:00,4153.5,4165.39990234375,4149.0,4164.7998046875,1826
2026-07-30 21:00:00-04:00,4142.5,4160.0,4140.0,4153.5,3901
2026-07-30 22:00:00-04:00,4134.10009765625,4148.7998046875,4132.5,4142.7001953125,2871
2026-07-30 23:00:00-04:00,4133.10009765625,4137.39990234375,4129.7001953125,4134.0,1810
2026-07-31 00:00:00-04:00,4137.60009765625,4139.5,4131.0,4132.60009765625,2229
2026-07-31 01:00:00-04:00,4132.10009765625,4141.2998046875,4131.0,4138.0,2007
2026-07-31 02:00:00-04:00,4135.39990234375,4145.2998046875,4130.5,4132.39990234375,2573
2026-07-31 03:00:00-04:00,4125.10009765625,4136.7998046875,4124.7001953125,4135.0,3901
2026-07-31 04:00:00-04:00,4117.60009765625,4125.39990234375,4110.7998046875,4125.39990234375,5613
2026-07-31 05:00:00-04:00,4111.2998046875,4120.7998046875,4106.5,4117.2998046875,4200
2026-07-31 06:00:00-04:00,4110.7998046875,4114.7001953125,4108.39990234375,4111.2001953125,2011
2026-07-31 07:00:00-04:00,4110.0,4117.39990234375,4106.7001953125,4110.7001953125,3085
2026-07-31 08:00:00-04:00,4096.7998046875,4115.7001953125,4096.39990234375,4110.2998046875,9280
2026-07-31 09:00:00-04:00,4081.5,4103.39990234375,4077.60009765625,4096.60009765625,17191
2026-07-31 10:00:00-04:00,4105.60009765625,4106.89990234375,4076.39990234375,4080.800048828125,11230
2026-07-31 11:00:00-04:00,4101.7998046875,4109.10009765625,4093.0,4105.7998046875,9573
2026-07-31 12:00:00-04:00,4099.2998046875,4106.0,4097.2001953125,4101.7998046875,3902
2026-07-31 13:00:00-04:00,4109.7998046875,4111.0,4097.2998046875,4099.2001953125,7447
2026-07-31 14:00:00-04:00,4106.60009765625,4111.2998046875,4102.89990234375,4110.0,2892
2026-07-31 15:00:00-04:00,4107.7001953125,4111.89990234375,4102.60009765625,4106.7998046875,3415
2026-07-31 16:00:00-04:00,4107.0,4109.2001953125,4097.39990234375,4107.60009765625,2513
2026-08-02 18:00:00-04:00,4119.89990234375,4135.7998046875,4119.5,4131.10009765625,2532
2026-08-02 19:00:00-04:00,4130.39990234375,4130.5,4119.0,4120.0,1637
2026-08-02 20:00:00-04:00,4112.7998046875,4134.7001953125,4111.10009765625,4130.5,3318
2026-08-02 21:00:00-04:00,4112.7001953125,4119.0,4102.7001953125,4112.89990234375,4002
2026-08-02 22:00:00-04:00,4117.7998046875,4122.2998046875,4107.7998046875,4112.7001953125,2734
2026-08-02 23:00:00-04:00,4120.0,4123.2001953125,4114.2001953125,4117.60009765625,1836
2026-08-03 00:00:00-04:00,4119.2001953125,4127.2001953125,4119.2001953125,4120.39990234375,1703
2026-08-03 01:00:00-04:00,4124.2001953125,4125.2001953125,4109.10009765625,4119.0,2830
2026-08-03 02:00:00-04:00,4118.89990234375,4127.2998046875,4115.7001953125,4124.2998046875,3442
2026-08-03 03:00:00-04:00,4117.10009765625,4120.5,4107.2998046875,4119.0,3407
2026-08-03 04:00:00-04:00,4115.0,4118.0,4110.0,4117.0,2092
2026-08-03 05:00:00-04:00,4111.60009765625,4117.7001953125,4102.2998046875,4115.2998046875,4606
2026-08-03 06:00:00-04:00,4105.39990234375,4113.60009765625,4101.89990234375,4111.60009765625,1993
2026-08-03 07:00:00-04:00,4118.89990234375,4119.39990234375,4101.7001953125,4105.7001953125,2979
2026-08-03 08:00:00-04:00,4103.39990234375,4121.10009765625,4098.10009765625,4119.0,5199
2026-08-03 09:00:00-04:00,4087.199951171875,4109.7998046875,4074.0,4103.60009765625,14506
2026-08-03 10:00:00-04:00,4091.60009765625,4094.89990234375,4081.60009765625,4086.60009765625,8433
2026-08-03 11:00:00-04:00,4091.60009765625,4096.39990234375,4085.5,4091.699951171875,5654
2026-08-03 12:00:00-04:00,4092.39990234375,4094.800048828125,4089.89990234375,4091.60009765625,2749
2026-08-03 13:00:00-04:00,4086.39990234375,4093.5,4085.89990234375,4092.699951171875,3764
2026-08-03 14:00:00-04:00,4099.60009765625,4101.0,4085.39990234375,4086.39990234375,3565
2026-08-03 15:00:00-04:00,4108.2001953125,4112.0,4099.5,4099.5,4353
2026-08-03 16:00:00-04:00,4110.89990234375,4115.0,4106.2001953125,4108.2998046875,1747
2026-08-03 18:00:00-04:00,4108.60009765625,4110.2998046875,4104.60009765625,4109.60009765625,0
2026-08-03 19:00:00-04:00,4109.2998046875,4110.7998046875,4105.5,4108.60009765625,1872
2026-08-03 20:00:00-04:00,4104.89990234375,4125.10009765625,4104.10009765625,4109.2001953125,3473
2026-08-03 21:00:00-04:00,4114.7998046875,4117.60009765625,4098.2001953125,4104.7998046875,3590
2026-08-03 22:00:00-04:00,4114.60009765625,4120.60009765625,4111.10009765625,4114.7998046875,2018
2026-08-03 23:00:00-04:00,4108.2001953125,4117.5,4107.60009765625,4114.2998046875,1751
2026-08-04 00:00:00-04:00,4119.2998046875,4121.89990234375,4106.39990234375,4107.39990234375,2972
2026-08-04 01:00:00-04:00,4117.2998046875,4123.7001953125,4112.7001953125,4119.2001953125,3127
2026-08-04 02:00:00-04:00,4119.2998046875,4122.10009765625,4111.39990234375,4117.89990234375,2476
2026-08-04 03:00:00-04:00,4121.7998046875,4122.89990234375,4116.60009765625,4119.5,2926
2026-08-04 04:00:00-04:00,4110.7998046875,4129.60009765625,4110.10009765625,4121.89990234375,4193
2026-08-04 05:00:00-04:00,4105.10009765625,4111.2001953125,4102.0,4110.5,3305
2026-08-04 06:00:00-04:00,4109.7998046875,4116.39990234375,4101.39990234375,4105.7001953125,3180
2026-08-04 07:00:00-04:00,4132.10009765625,4141.7998046875,4108.10009765625,4109.39990234375,9082
2026-08-04 08:00:00-04:00,4127.7998046875,4141.5,4117.60009765625,4132.2998046875,9798
2026-08-04 09:00:00-04:00,4140.7001953125,4151.5,4117.2001953125,4128.10009765625,18051
2026-08-04 10:00:00-04:00,4140.39990234375,4149.2998046875,4131.2998046875,4140.7001953125,10504
2026-08-04 11:00:00-04:00,4144.2001953125,4145.7998046875,4131.0,4140.5,6438
2026-08-04 12:00:00-04:00,4150.39990234375,4150.7001953125,4139.7001953125,4144.39990234375,5649
2026-08-04 13:00:00-04:00,4143.10009765625,4163.7998046875,4143.0,4150.2001953125,9397
2026-08-04 14:00:00-04:00,4136.7998046875,4146.0,4132.10009765625,4142.7998046875,4176
2026-08-04 15:00:00-04:00,4135.2998046875,4141.89990234375,4133.2998046875,4136.60009765625,3098
2026-08-04 16:00:00-04:00,4134.2001953125,4137.2998046875,4131.39990234375,4135.60009765625,1049
2026-08-04 18:00:00-04:00,4132.5,4142.10009765625,4132.10009765625,4133.7998046875,0
2026-08-04 19:00:00-04:00,4128.7001953125,4134.0,4121.60009765625,4132.7998046875,3198
2026-08-04 20:00:00-04:00,4138.2001953125,4139.2998046875,4126.2998046875,4128.60009765625,1594
2026-08-04 21:00:00-04:00,4157.2001953125,4158.5,4133.39990234375,4138.5,3341
2026-08-04 22:00:00-04:00,4186.2001953125,4192.60009765625,4151.7998046875,4157.2001953125,10596
2026-08-04 23:00:00-04:00,4186.60009765625,4193.7998046875,4184.2998046875,4186.5,3697
2026-08-05 00:00:00-04:00,4193.39990234375,4199.5,4186.0,4186.10009765625,5170
2026-08-05 01:00:00-04:00,4222.2001953125,4233.0,4192.7001953125,4193.2998046875,14827
2026-08-05 02:00:00-04:00,4237.10009765625,4237.7998046875,4220.2001953125,4222.39990234375,9835
2026-08-05 03:00:00-04:00,4229.89990234375,4238.5,4220.89990234375,4236.7001953125,6408
2026-08-05 04:00:00-04:00,4219.7001953125,4231.5,4218.39990234375,4229.89990234375,5964
2026-08-05 05:00:00-04:00,4216.89990234375,4226.89990234375,4211.7998046875,4220.0,6259
2026-08-05 06:00:00-04:00,4220.39990234375,4220.7001953125,4209.10009765625,4216.7998046875,4304
2026-08-05 07:00:00-04:00,4248.5,4252.2001953125,4219.7998046875,4220.60009765625,13789
2026-08-05 08:00:00-04:00,4244.10009765625,4273.60009765625,4243.10009765625,4248.5,18030
2026-08-05 09:00:00-04:00,4265.7998046875,4266.7001953125,4243.7998046875,4243.89990234375,16944
2026-08-05 10:00:00-04:00,4304.2998046875,4307.7998046875,4263.10009765625,4265.10009765625,24086
2026-08-05 11:00:00-04:00,4293.0,4325.5,4292.7001953125,4303.89990234375,18805
2026-08-05 12:00:00-04:00,4302.7998046875,4308.10009765625,4285.0,4293.60009765625,10846
2026-08-05 13:00:00-04:00,4311.0,4313.0,4296.2001953125,4302.89990234375,9593
2026-08-05 14:00:00-04:00,4321.2001953125,4328.2001953125,4309.60009765625,4310.7001953125,6671
2026-08-05 15:00:00-04:00,4307.60009765625,4322.7001953125,4307.0,4321.0,4665
2026-08-05 16:00:00-04:00,4308.0,4310.39990234375,4303.5,4307.89990234375,1758
2026-08-05 18:00:00-04:00,4309.5,4315.2001953125,4304.89990234375,4307.0,0
2026-08-05 19:00:00-04:00,4337.2998046875,4341.10009765625,4308.2998046875,4309.39990234375,5180
2026-08-05 20:00:00-04:00,4354.7001953125,4360.0,4323.5,4337.2001953125,9424
2026-08-05 21:00:00-04:00,4346.89990234375,4362.7001953125,4332.5,4354.60009765625,12884
2026-08-05 22:00:00-04:00,4337.7998046875,4363.7001953125,4334.0,4346.7001953125,6276
2026-08-05 23:00:00-04:00,4324.89990234375,4340.0,4319.60009765625,4337.2001953125,4392
2026-08-06 00:00:00-04:00,4321.39990234375,4326.10009765625,4312.2001953125,4324.5,3017
2026-08-06 01:00:00-04:00,4326.0,4327.5,4306.2001953125,4321.2998046875,4349
2026-08-06 02:00:00-04:00,4314.7001953125,4327.5,4308.2001953125,4325.7998046875,4606
2026-08-06 03:00:00-04:00,4321.7001953125,4324.0,4311.7001953125,4314.7001953125,4114
2026-08-06 04:00:00-04:00,4337.10009765625,4337.7001953125,4319.39990234375,4322.0,4835
2026-08-06 05:00:00-04:00,4332.60009765625,4344.2001953125,4330.39990234375,4337.2001953125,4937
2026-08-06 06:00:00-04:00,4330.0,4333.10009765625,4322.7998046875,4332.60009765625,3026
2026-08-06 07:00:00-04:00,4322.60009765625,4332.5,4312.7001953125,4330.0,6046
2026-08-06 08:00:00-04:00,4308.60009765625,4330.10009765625,4307.0,4322.2001953125,10550
2026-08-06 09:00:00-04:00,4325.89990234375,4332.89990234375,4288.39990234375,4308.5,21320
2026-08-06 10:00:00-04:00,4332.2001953125,4334.7001953125,4318.89990234375,4326.10009765625,12144
2026-08-06 11:00:00-04:00,4291.5,4333.60009765625,4285.2001953125,4332.2001953125,15764
2026-08-06 12:00:00-04:00,4299.39990234375,4300.7998046875,4281.2001953125,4291.7998046875,11573
2026-08-06 13:00:00-04:00,4305.7998046875,4307.0,4297.10009765625,4299.60009765625,5853
2026-08-06 14:00:00-04:00,4302.2001953125,4308.0,4299.2001953125,4305.89990234375,2206
2026-08-06 15:00:00-04:00,4307.7998046875,4309.7998046875,4292.0,4302.10009765625,5130
2026-08-06 16:00:00-04:00,4298.7001953125,4309.10009765625,4293.60009765625,4307.7001953125,0
2026-08-06 18:00:00-04:00,4298.2998046875,4301.7998046875,4293.89990234375,4298.2998046875,1238
2026-08-06 19:00:00-04:00,4311.0,4311.7998046875,4298.39990234375,4298.60009765625,2012
2026-08-06 20:00:00-04:00,4291.2001953125,4311.39990234375,4288.0,4310.7001953125,3122
2026-08-06 21:00:00-04:00,4314.7001953125,4317.5,4289.7998046875,4290.89990234375,4642
2026-08-06 22:00:00-04:00,4309.10009765625,4320.7998046875,4305.39990234375,4314.60009765625,4069
2026-08-06 23:00:00-04:00,4322.7998046875,4325.0,4308.2998046875,4309.10009765625,2943
2026-08-07 00:00:00-04:00,4324.10009765625,4328.39990234375,4320.2001953125,4325.2998046875,3327
2026-08-07 01:00:00-04:00,4337.7001953125,4340.0,4320.39990234375,4324.10009765625,5385
2026-08-07 02:00:00-04:00,4356.2998046875,4358.0,4337.10009765625,4337.7001953125,9533
2026-08-07 03:00:00-04:00,4348.89990234375,4356.89990234375,4342.0,4356.2001953125,4998
2026-08-07 04:00:00-04:00,4365.39990234375,4375.89990234375,4347.89990234375,4349.2001953125,8376
2026-08-07 05:00:00-04:00,4375.60009765625,4380.10009765625,4361.60009765625,4365.60009765625,7639
2026-08-07 06:00:00-04:00,4376.39990234375,4380.2001953125,4367.2001953125,4375.7998046875,5016
2026-08-07 07:00:00-04:00,4380.7998046875,4387.10009765625,4376.0,4376.2998046875,7837
2026-08-07 08:00:00-04:00,4421.89990234375,4432.2998046875,4361.0,4380.60009765625,29412
2026-08-07 09:00:00-04:00,4408.2998046875,4428.7998046875,4398.89990234375,4421.60009765625,21849
2026-08-07 10:00:00-04:00,4401.2998046875,4413.0,4386.89990234375,4408.39990234375,18679
2026-08-07 11:00:00-04:00,4400.39990234375,4418.10009765625,4398.89990234375,4401.39990234375,11766
2026-08-07 12:00:00-04:00,4389.5,4409.39990234375,4388.7998046875,4400.39990234375,8763
2026-08-07 13:00:00-04:00,4400.0,4402.5,4387.39990234375,4388.7001953125,10395
2026-08-07 14:00:00-04:00,4395.60009765625,4403.0,4391.89990234375,4399.7998046875,3937
2026-08-07 15:00:00-04:00,4403.10009765625,4410.60009765625,4395.7001953125,4395.7001953125,4853
2026-08-07 16:00:00-04:00,4399.7001953125,4404.60009765625,4395.2998046875,4403.0,2589
2026-08-09 18:00:00-04:00,4400.2001953125,4405.5,4397.0,4398.0,1097
2026-08-09 19:00:00-04:00,4392.0,4408.0,4390.7998046875,4400.39990234375,1664
2026-08-09 20:00:00-04:00,4391.2998046875,4406.0,4389.7998046875,4391.89990234375,1995
2026-08-09 21:00:00-04:00,4383.0,4400.0,4373.89990234375,4391.5,7756
2026-08-09 22:00:00-04:00,4380.0,4392.5,4379.0,4382.7998046875,3336
2026-08-09 23:00:00-04:00,4387.7998046875,4390.2998046875,4377.39990234375,4379.60009765625,2163
2026-08-10 00:00:00-04:00,4399.5,4399.7998046875,4383.60009765625,4387.7001953125,3381
2026-08-10 01:00:00-04:00,4407.0,4412.5,4391.5,4399.10009765625,4381
2026-08-10 02:00:00-04:00,4417.7998046875,4419.5,4401.5,4407.2998046875,4452
2026-08-10 03:00:00-04:00,4414.7001953125,4421.5,4409.39990234375,4417.7998046875,4447
2026-08-10 04:00:00-04:00,4405.60009765625,4416.0,4402.89990234375,4415.0,4353
2026-08-10 05:00:00-04:00,4400.10009765625,4409.2001953125,4398.39990234375,4405.60009765625,4677
2026-08-10 06:00:00-04:00,4395.2001953125,4403.2998046875,4394.60009765625,4400.39990234375,3270
2026-08-10 07:00:00-04:00,4393.89990234375,4398.5,4386.2998046875,4395.2998046875,3889
2026-08-10 08:00:00-04:00,4391.60009765625,4396.39990234375,4382.7998046875,4393.7998046875,4506
2026-08-10 09:00:00-04:00,4376.2998046875,4398.39990234375,4375.0,4391.10009765625,10239
2026-08-10 10:00:00-04:00,4405.2001953125,4411.2998046875,4376.2001953125,4376.2001953125,12691
2026-08-10 11:00:00-04:00,4417.89990234375,4419.2001953125,4402.7001953125,4405.2001953125,7571
2026-08-10 12:00:00-04:00,4416.2998046875,4424.5,4408.60009765625,4418.10009765625,7854
2026-08-10 13:00:00-04:00,4419.2001953125,4425.2001953125,4410.5,4416.39990234375,5679
2026-08-10 14:00:00-04:00,4437.7001953125,4442.5,4418.7998046875,4419.39990234375,6538
2026-08-10 15:00:00-04:00,4446.7998046875,4453.7998046875,4437.7998046875,4437.7998046875,6828
2026-08-10 16:00:00-04:00,4448.60009765625,4451.2998046875,4444.7001953125,4447.0,1750
2026-08-10 18:00:00-04:00,4459.0,4460.39990234375,4443.2001953125,4446.89990234375,0
2026-08-10 19:00:00-04:00,4462.10009765625,4462.39990234375,4453.89990234375,4459.10009765625,2097
2026-08-10 20:00:00-04:00,4468.5,4478.60009765625,4456.0,4462.2998046875,5365
2026-08-10 21:00:00-04:00,4489.2001953125,4493.7001953125,4453.0,4469.0,8597
2026-08-10 22:00:00-04:00,4470.7998046875,4495.0,4468.0,4489.2001953125,6304
2026-08-10 23:00:00-04:00,4477.0,4481.39990234375,4469.60009765625,4470.7001953125,2234
2026-08-11 00:00:00-04:00,4468.7001953125,4480.2998046875,4463.2998046875,4476.5,3866
2026-08-11 01:00:00-04:00,4435.2001953125,4468.89990234375,4427.10009765625,4468.7998046875,8759
2026-08-11 02:00:00-04:00,4425.2998046875,4442.0,4418.7001953125,4434.7001953125,7331
2026-08-11 03:00:00-04:00,4416.60009765625,4426.5,4415.7001953125,4425.2001953125,4032
2026-08-11 04:00:00-04:00,4428.10009765625,4435.5,4416.10009765625,4417.10009765625,5302
2026-08-11 05:00:00-04:00,4431.39990234375,4434.39990234375,4426.10009765625,4428.0,3621
2026-08-11 06:00:00-04:00,4441.2001953125,4441.2001953125,4430.0,4431.2998046875,3376
2026-08-11 07:00:00-04:00,4446.10009765625,4451.7998046875,4439.10009765625,4441.10009765625,6290
2026-08-11 08:00:00-04:00,4450.60009765625,4458.7998046875,4442.2001953125,4446.2001953125,10861
2026-08-11 09:00:00-04:00,4448.2001953125,4463.2998046875,4442.89990234375,4450.7001953125,11799
2026-08-11 10:00:00-04:00,4453.60009765625,4457.39990234375,4439.89990234375,4448.2001953125,10180
2026-08-11 11:00:00-04:00,4443.2001953125,4458.2001953125,4428.2001953125,4453.60009765625,10280
2026-08-11 12:00:00-04:00,4443.10009765625,4445.2998046875,4438.2001953125,4443.5,3312
2026-08-11 13:00:00-04:00,4428.2998046875,4445.7001953125,4428.2001953125,4443.2998046875,6560
2026-08-11 14:00:00-04:00,4430.39990234375,4431.89990234375,4419.7001953125,4428.5,5781
2026-08-11 15:00:00-04:00,4429.7001953125,4433.60009765625,4420.0,4430.39990234375,6076
2026-08-11 16:00:00-04:00,4427.7998046875,4430.0,4426.10009765625,4429.2998046875,905
2026-08-11 18:00:00-04:00,4427.89990234375,4437.7998046875,4426.10009765625,4430.0,0
2026-08-11 19:00:00-04:00,4430.39990234375,4433.0,4421.39990234375,4428.7001953125,3462
2026-08-11 20:00:00-04:00,4440.2001953125,4442.89990234375,4426.0,4430.60009765625,2359
2026-08-11 21:00:00-04:00,4456.2001953125,4456.89990234375,4438.0,4440.2998046875,4737
2026-08-11 22:00:00-04:00,4470.7998046875,4474.2001953125,4453.89990234375,4456.10009765625,5861
2026-08-11 23:00:00-04:00,4461.7998046875,4475.7001953125,4460.60009765625,4471.10009765625,3612
2026-08-12 00:00:00-04:00,4461.0,4463.10009765625,4455.2998046875,4462.39990234375,2339
2026-08-12 01:00:00-04:00,4451.0,4465.10009765625,4444.0,4460.89990234375,4539
2026-08-12 02:00:00-04:00,4463.2001953125,4466.10009765625,4445.2998046875,4450.89990234375,4554
2026-08-12 03:00:00-04:00,4465.89990234375,4469.5,4457.39990234375,4463.0,4437
2026-08-12 04:00:00-04:00,4460.60009765625,4470.10009765625,4460.60009765625,4465.89990234375,2833
2026-08-12 05:00:00-04:00,4475.39990234375,4484.2001953125,4460.89990234375,4460.89990234375,6664
2026-08-12 06:00:00-04:00,4472.0,4480.39990234375,4465.89990234375,4475.5,4110
2026-08-12 07:00:00-04:00,4472.39990234375,4476.60009765625,4467.2001953125,4472.2998046875,4117
2026-08-12 08:00:00-04:00,4498.2001953125,4499.2998046875,4440.0,4472.39990234375,25595
2026-08-12 09:00:00-04:00,4487.39990234375,4502.7001953125,4468.0,4497.7998046875,18383
2026-08-12 10:00:00-04:00,4481.39990234375,4499.7998046875,4475.7998046875,4487.5,14963
2026-08-12 11:00:00-04:00,4480.39990234375,4489.5,4470.2001953125,4481.2001953125,7526
2026-08-12 12:00:00-04:00,4461.7001953125,4486.2001953125,4455.89990234375,4480.2001953125,9101
2026-08-12 13:00:00-04:00,4459.60009765625,4471.7001953125,4459.0,4461.7001953125,7606
2026-08-12 14:00:00-04:00,4473.2001953125,4478.10009765625,4456.0,4459.2998046875,3850
2026-08-12 15:00:00-04:00,4473.89990234375,4478.2998046875,4468.5,4473.2001953125,2697
2026-08-12 16:00:00-04:00,4469.0,4474.2998046875,4466.7001953125,4473.7001953125,1340
2026-08-12 18:00:00-04:00,4459.89990234375,4470.2998046875,4456.5,4468.7998046875,0
2026-08-12 19:00:00-04:00,4473.10009765625,4473.2001953125,4459.89990234375,4460.10009765625,1352
2026-08-12 20:00:00-04:00,4486.89990234375,4509.10009765625,4471.89990234375,4473.2001953125,9057
2026-08-12 21:00:00-04:00,4467.0,4494.10009765625,4464.7001953125,4486.7001953125,6179
2026-08-12 22:00:00-04:00,4465.7001953125,4472.60009765625,4457.0,4466.7998046875,3645
2026-08-12 23:00:00-04:00,4458.2998046875,4470.7001953125,4458.0,4465.7998046875,2730
2026-08-13 00:00:00-04:00,4455.5,4458.7001953125,4449.39990234375,4458.7001953125,3702
2026-08-13 01:00:00-04:00,4440.39990234375,4465.2001953125,4437.2001953125,4455.2001953125,6386
2026-08-13 02:00:00-04:00,4437.7001953125,4443.0,4425.60009765625,4440.2998046875,6345
2026-08-13 03:00:00-04:00,4426.39990234375,4438.60009765625,4425.7998046875,4437.7998046875,4677
2026-08-13 04:00:00-04:00,4432.39990234375,4435.7001953125,4420.2998046875,4426.39990234375,4515
2026-08-13 05:00:00-04:00,4441.7998046875,4441.89990234375,4428.60009765625,4432.2998046875,3402
2026-08-13 06:00:00-04:00,4449.89990234375,4451.5,4438.7998046875,4441.89990234375,3161
2026-08-13 07:00:00-04:00,4444.39990234375,4454.2001953125,4439.60009765625,4449.60009765625,4946
2026-08-13 08:00:00-04:00,4458.89990234375,4460.0,4437.10009765625,4444.5,9126
2026-08-13 09:00:00-04:00,4429.10009765625,4459.0,4427.10009765625,4458.5,12370
2026-08-13 10:00:00-04:00,4440.89990234375,4444.7001953125,4408.7998046875,4429.2998046875,14838
2026-08-13 11:00:00-04:00,4422.39990234375,4443.10009765625,4413.60009765625,4441.2001953125,9700
2026-08-13 12:00:00-04:00,4424.2001953125,4425.60009765625,4407.5,4422.2998046875,8482
2026-08-13 13:00:00-04:00,4412.39990234375,4430.60009765625,4412.0,4424.2998046875,7369
2026-08-13 14:00:00-04:00,4413.60009765625,4420.5,4411.39990234375,4412.60009765625,3519
2026-08-13 15:00:00-04:00,4406.2001953125,4415.5,4400.0,4414.0,4655
2026-08-13 16:00:00-04:00,4407.10009765625,4408.39990234375,4402.89990234375,4406.2001953125,1913
2026-08-13 18:00:00-04:00,4410.2998046875,4418.39990234375,4406.60009765625,4408.2001953125,0
2026-08-13 19:00:00-04:00,4411.7998046875,4419.39990234375,4405.10009765625,4411.5,3512
2026-08-13 20:00:00-04:00,4396.39990234375,4417.39990234375,4385.10009765625,4411.60009765625,5728
2026-08-13 21:00:00-04:00,4373.7001953125,4397.10009765625,4367.5,4396.2001953125,9506
2026-08-13 22:00:00-04:00,4370.7001953125,4378.0,4365.5,4373.7001953125,4982
2026-08-13 23:00:00-04:00,4379.60009765625,4383.7998046875,4368.89990234375,4370.7001953125,2551
2026-08-14 00:00:00-04:00,4382.0,4384.60009765625,4378.2998046875,4379.2001953125,1800
2026-08-14 01:00:00-04:00,4389.5,4389.5,4365.60009765625,4382.2001953125,4331
2026-08-14 02:00:00-04:00,4391.60009765625,4392.60009765625,4383.60009765625,4389.60009765625,3066
2026-08-14 03:00:00-04:00,4399.7998046875,4401.60009765625,4385.7001953125,4391.39990234375,3733
2026-08-14 04:00:00-04:00,4404.7001953125,4405.7001953125,4398.10009765625,4399.7998046875,3608
2026-08-14 05:00:00-04:00,4413.60009765625,4413.7998046875,4402.0,4404.5,3922
2026-08-14 06:00:00-04:00,4405.5,4415.10009765625,4403.7001953125,4413.60009765625,4193
2026-08-14 07:00:00-04:00,4425.7998046875,4426.0,4404.7001953125,4405.5,4534
2026-08-14 08:00:00-04:00,4430.89990234375,4444.0,4421.7998046875,4425.5,12963
2026-08-14 09:00:00-04:00,4442.0,4454.60009765625,4427.2998046875,4430.7001953125,13285
2026-08-14 10:00:00-04:00,4438.60009765625,4452.2001953125,4436.2001953125,4441.60009765625,9581
2026-08-14 11:00:00-04:00,4449.0,4452.2998046875,4436.39990234375,4438.7001953125,9824
2026-08-14 12:00:00-04:00,4442.7001953125,4454.2998046875,4437.2001953125,4449.0,4686
2026-08-14 13:00:00-04:00,4435.5,4443.39990234375,4433.60009765625,4443.0,4557
2026-08-14 14:00:00-04:00,4430.2998046875,4439.60009765625,4427.5,4435.89990234375,5830
2026-08-14 15:00:00-04:00,4431.5,4435.60009765625,4428.60009765625,4430.2998046875,3055
2026-08-14 16:00:00-04:00,4432.10009765625,4432.39990234375,4426.89990234375,4431.39990234375,1870
2026-08-14 17:00:00-04:00,4437.2998046875,4437.2998046875,4432.0,4432.0,1
2026-08-16 18:00:00-04:00,4441.60009765625,4442.5,4429.2998046875,4433.7001953125,1615
2026-08-16 19:00:00-04:00,4425.5,4441.89990234375,4422.2998046875,4441.7998046875,2616
2026-08-16 20:00:00-04:00,4457.2998046875,4459.39990234375,4423.5,4426.0,5088
2026-08-16 21:00:00-04:00,4452.0,4473.2001953125,4448.60009765625,4457.10009765625,7212
2026-08-16 22:00:00-04:00,4449.7998046875,4454.7001953125,4444.89990234375,4451.89990234375,3034
2026-08-16 23:00:00-04:00,4453.7001953125,4453.7998046875,4444.5,4450.2001953125,1901
2026-08-17 00:00:00-04:00,4447.10009765625,4456.2998046875,4445.5,4453.5,2263
2026-08-17 01:00:00-04:00,4451.2998046875,4457.7001953125,4443.39990234375,4447.2998046875,3266
2026-08-17 02:00:00-04:00,4459.2998046875,4460.7001953125,4449.10009765625,4451.60009765625,3790
2026-08-17 03:00:00-04:00,4461.5,4467.89990234375,4452.2001953125,4459.0,4780
2026-08-17 04:00:00-04:00,4451.10009765625,4461.7998046875,4448.7998046875,4461.7998046875,2809
2026-08-17 05:00:00-04:00,4452.39990234375,4457.0,4449.2001953125,4451.2998046875,3179
2026-08-17 06:00:00-04:00,4455.7998046875,4462.60009765625,4445.7001953125,4452.39990234375,4781
2026-08-17 07:00:00-04:00,4453.39990234375,4461.7998046875,4451.7998046875,4455.89990234375,3769
2026-08-17 08:00:00-04:00,4441.39990234375,4455.39990234375,4433.39990234375,4453.10009765625,9175
2026-08-17 09:00:00-04:00,4465.2998046875,4473.0,4438.10009765625,4441.7001953125,10618
2026-08-17 10:00:00-04:00,4474.5,4484.89990234375,4460.39990234375,4465.2998046875,15673
2026-08-17 11:00:00-04:00,4484.7998046875,4485.2998046875,4471.7998046875,4474.60009765625,6321
2026-08-17 12:00:00-04:00,4481.5,4486.5,4479.7001953125,4485.0,4696
2026-08-17 13:00:00-04:00,4471.0,4483.7001953125,4468.2001953125,4481.7001953125,7291
2026-08-17 14:00:00-04:00,4463.10009765625,4474.0,4454.5,4471.2998046875,7947
2026-08-17 15:00:00-04:00,4475.7001953125,4477.0,4456.60009765625,4462.89990234375,4630
2026-08-17 16:00:00-04:00,4473.10009765625,4477.5,4471.10009765625,4475.89990234375,1067
2026-08-17 18:00:00-04:00,4467.89990234375,4475.89990234375,4466.5,4473.39990234375,0
2026-08-17 19:00:00-04:00,4482.0,4482.10009765625,4466.0,4468.0,2172
2026-08-17 20:00:00-04:00,4491.2001953125,4491.7001953125,4475.0,4482.2998046875,4382
2026-08-17 21:00:00-04:00,4464.60009765625,4493.10009765625,4460.89990234375,4491.60009765625,5713
2026-08-17 22:00:00-04:00,4456.10009765625,4464.89990234375,4450.0,4464.60009765625,4781
2026-08-17 23:00:00-04:00,4448.10009765625,4460.5,4446.2998046875,4456.10009765625,3013
2026-08-18 00:00:00-04:00,4448.89990234375,4450.89990234375,4444.0,4447.39990234375,2669
2026-08-18 01:00:00-04:00,4450.2001953125,4453.2001953125,4441.39990234375,4448.7001953125,3095
2026-08-18 02:00:00-04:00,4454.10009765625,4455.60009765625,4443.2001953125,4449.39990234375,3781
2026-08-18 03:00:00-04:00,4451.2001953125,4459.5,4451.2001953125,4454.2998046875,3413
2026-08-18 04:00:00-04:00,4448.89990234375,4454.2001953125,4442.39990234375,4451.60009765625,4050
2026-08-18 05:00:00-04:00,4449.7001953125,4451.2998046875,4443.0,4448.7998046875,2918
2026-08-18 06:00:00-04:00,4454.39990234375,4456.2001953125,4446.10009765625,4449.7001953125,2138
2026-08-18 07:00:00-04:00,4452.2998046875,4455.7998046875,4444.7998046875,4454.2001953125,2641
2026-08-18 08:00:00-04:00,4450.7001953125,4457.2998046875,4445.7998046875,4452.60009765625,6033
2026-08-18 09:00:00-04:00,4451.0,4463.0,4430.89990234375,4450.5,16644
2026-08-18 10:00:00-04:00,4422.2998046875,4462.7998046875,4419.10009765625,4450.5,19020
2026-08-18 11:00:00-04:00,4420.2001953125,4434.10009765625,4406.7998046875,4422.60009765625,16647
2026-08-18 12:00:00-04:00,4419.0,4427.0,4417.7998046875,4420.2998046875,4860
2026-08-18 13:00:00-04:00,4413.2001953125,4423.7998046875,4412.39990234375,4419.10009765625,4727
2026-08-18 14:00:00-04:00,4409.39990234375,4416.5,4407.89990234375,4413.60009765625,3912
2026-08-18 15:00:00-04:00,4400.0,4413.7001953125,4392.2998046875,4409.5,7084
2026-08-18 16:00:00-04:00,4389.5,4401.2001953125,4383.2998046875,4400.10009765625,3119
2026-08-18 18:00:00-04:00,4386.7998046875,4395.2998046875,4385.7998046875,4391.39990234375,0
2026-08-18 19:00:00-04:00,4386.0,4391.5,4379.60009765625,4387.2001953125,3354
2026-08-18 20:00:00-04:00,4391.7998046875,4401.0,4384.60009765625,4386.10009765625,4774
2026-08-18 21:00:00-04:00,4410.2001953125,4411.10009765625,4378.0,4391.5,8886
2026-08-18 22:00:00-04:00,4408.5,4415.7998046875,4405.0,4410.0,4996
2026-08-18 23:00:00-04:00,4409.0,4414.10009765625,4405.2998046875,4408.39990234375,1942
2026-08-19 00:00:00-04:00,4401.7998046875,4409.60009765625,4396.5,4408.89990234375,2722
2026-08-19 01:00:00-04:00,4389.0,4404.2001953125,4388.2001953125,4401.7001953125,4934
2026-08-19 02:00:00-04:00,4402.7998046875,4403.10009765625,4388.7001953125,4389.0,5596
2026-08-19 03:00:00-04:00,4408.2998046875,4417.2001953125,4401.10009765625,4402.7998046875,4933
2026-08-19 04:00:00-04:00,4409.7001953125,4417.2001953125,4404.7998046875,4408.39990234375,4213
2026-08-19 05:00:00-04:00,4416.39990234375,4416.39990234375,4407.39990234375,4409.7001953125,3029
2026-08-19 06:00:00-04:00,4422.2001953125,4424.10009765625,4413.7998046875,4416.5,3283
2026-08-19 07:00:00-04:00,4419.10009765625,4429.10009765625,4417.7001953125,4422.39990234375,4055
2026-08-19 08:00:00-04:00,4496.2998046875,4499.7998046875,4417.0,4419.7001953125,36057
2026-08-19 09:00:00-04:00,4517.7998046875,4524.0,4480.7998046875,4496.2998046875,42249
2026-08-19 10:00:00-04:00,4546.7998046875,4557.60009765625,4513.5,4518.0,35698
2026-08-19 11:00:00-04:00,4552.2001953125,4552.7998046875,4536.5,4547.0,14896
2026-08-19 12:00:00-04:00,4551.0,4557.5,4548.39990234375,4552.2001953125,9392
2026-08-19 13:00:00-04:00,4545.0,4557.0,4541.89990234375,4551.0,9699
2026-08-19 14:00:00-04:00,4553.2998046875,4556.0,4530.39990234375,4544.89990234375,16444
2026-08-19 15:00:00-04:00,4568.0,4569.60009765625,4552.2998046875,4553.2998046875,10549
2026-08-19 16:00:00-04:00,4580.7001953125,4582.7998046875,4562.7998046875,4568.39990234375,6291
2026-08-19 18:00:00-04:00,4575.89990234375,4583.7998046875,4573.5,4580.0,0
2026-08-19 19:00:00-04:00,4569.2001953125,4581.2001953125,4568.39990234375,4576.39990234375,2554
2026-08-19 20:00:00-04:00,4562.0,4578.60009765625,4560.2001953125,4568.7001953125,4263
2026-08-19 21:00:00-04:00,4547.39990234375,4567.89990234375,4542.10009765625,4562.2998046875,8738
2026-08-19 22:00:00-04:00,4548.10009765625,4557.60009765625,4546.10009765625,4547.2998046875,4395
2026-08-19 23:00:00-04:00,4555.7001953125,4558.7998046875,4545.7001953125,4548.2001953125,3032
2026-08-20 00:00:00-04:00,4546.10009765625,4556.60009765625,4543.39990234375,4556.39990234375,2955
2026-08-20 01:00:00-04:00,4538.5,4551.39990234375,4534.7998046875,4546.0,3806
2026-08-20 02:00:00-04:00,4550.7998046875,4553.5,4537.2001953125,4538.60009765625,6024
2026-08-20 03:00:00-04:00,4547.60009765625,4552.7001953125,4540.10009765625,4550.60009765625,4873
2026-08-20 04:00:00-04:00,4546.10009765625,4555.89990234375,4543.89990234375,4547.89990234375,5530
2026-08-20 05:00:00-04:00,4538.89990234375,4551.0,4538.2001953125,4546.2001953125,4560
2026-08-20 06:00:00-04:00,4546.39990234375,4552.5,4537.0,4539.10009765625,4171
2026-08-20 07:00:00-04:00,4523.10009765625,4547.89990234375,4521.2001953125,4546.7001953125,10669
2026-08-20 08:00:00-04:00,4529.7001953125,4532.2998046875,4506.0,4523.2998046875,17523
2026-08-20 09:00:00-04:00,4537.0,4544.39990234375,4524.10009765625,4529.7998046875,15951
2026-08-20 10:00:00-04:00,4571.7001953125,4572.0,4535.7998046875,4536.7998046875,18959
2026-08-20 11:00:00-04:00,4577.2998046875,4597.10009765625,4563.5,4571.7998046875,32802
2026-08-20 12:00:00-04:00,4566.7001953125,4580.7001953125,4559.2001953125,4577.5,8474
2026-08-20 13:00:00-04:00,4576.0,4576.89990234375,4564.10009765625,4566.7001953125,6696
2026-08-20 14:00:00-04:00,4578.5,4581.7001953125,4564.7001953125,4576.0,5540
2026-08-20 15:00:00-04:00,4584.89990234375,4588.0,4574.7001953125,4578.2998046875,4191
2026-08-20 16:00:00-04:00,4575.10009765625,4585.2001953125,4573.0,4584.5,2026
2026-08-20 18:00:00-04:00,4580.2001953125,4580.2001953125,4571.0,4577.0,0
2026-08-20 19:00:00-04:00,4582.2001953125,4589.0,4577.10009765625,4579.89990234375,3440
2026-08-20 20:00:00-04:00,4567.2001953125,4583.7001953125,4566.2998046875,4582.2998046875,3126
2026-08-20 21:00:00-04:00,4587.0,4600.2998046875,4565.5,4567.2001953125,7141
2026-08-20 22:00:00-04:00,4590.0,4599.2001953125,4574.0,4586.7998046875,5560
2026-08-20 23:00:00-04:00,4590.89990234375,4594.7001953125,4582.60009765625,4590.0,2465
2026-08-21 00:00:00-04:00,4596.7998046875,4604.39990234375,4591.2001953125,4591.5,4033
2026-08-21 01:00:00-04:00,4610.10009765625,4612.39990234375,4585.39990234375,4596.39990234375,5908
2026-08-21 02:00:00-04:00,4617.89990234375,4624.7001953125,4601.7998046875,4609.89990234375,9132
2026-08-21 03:00:00-04:00,4621.0,4625.0,4615.39990234375,4617.7998046875,5890
2026-08-21 04:00:00-04:00,4641.0,4642.0,4615.7998046875,4621.39990234375,10338
2026-08-21 05:00:00-04:00,4639.7001953125,4659.39990234375,4637.60009765625,4641.10009765625,13836
2026-08-21 06:00:00-04:00,4645.7998046875,4651.60009765625,4634.5,4639.39990234375,7281
2026-08-21 07:00:00-04:00,4654.39990234375,4661.7001953125,4644.2998046875,4645.5,7950
2026-08-21 08:00:00-04:00,4634.7001953125,4659.10009765625,4620.5,4654.7001953125,18190
2026-08-21 09:00:00-04:00,4638.2998046875,4650.2001953125,4630.0,4634.60009765625,15060
2026-08-21 10:00:00-04:00,4648.10009765625,4660.2001953125,4636.5,4638.10009765625,17876
2026-08-21 11:00:00-04:00,4672.0,4673.0,4644.10009765625,4648.5,13380
2026-08-21 12:00:00-04:00,4686.60009765625,4687.2001953125,4666.2998046875,4672.10009765625,10785
2026-08-21 13:00:00-04:00,4678.7001953125,4690.39990234375,4673.39990234375,4686.7001953125,14697
2026-08-21 14:00:00-04:00,4681.7998046875,4686.10009765625,4677.5,4679.0,4955
2026-08-21 15:00:00-04:00,4674.7001953125,4683.10009765625,4673.0,4682.10009765625,4668
2026-08-21 16:00:00-04:00,4680.60009765625,4680.60009765625,4661.0,4674.60009765625,2580
